<?xml version="1.0" encoding="UTF-8"?>
<iq xmlns="jabber:client" to="263088_1696513@chat.hipchat.com/iphone||proxy|proxy-e16.hipchat.com|5262" type="result" id="startup_03E43D9B-D034-468E-A9D4-9F538CCB1546">
    <query xmlns="http://hipchat.com/protocol/startup">
        <user_id>1696513</user_id>
        <group_id>263088</group_id>
        <email>john@foobar.com</email>
        <mention_name>JohnDoe</mention_name>
        <name>John Doe</name>
        <photo_large>https://www.hipchat.com/img/silhouette_125.png</photo_large>
        <photo_small>https://www.hipchat.com/img/silhouette_36.png</photo_small>
        <title>Manager of Awesome</title>
        <is_admin>True</is_admin>
        <group_name>Developers - Austin</group_name>
        <group_invite_url>https://www.hipchat.com/invite/263088/f5a5f6422ecddc31d1f31fe00abee30d</group_invite_url>
        <preferences>
            <autoJoin>
                <item jid="263088_dev_social@conf.hipchat.com" name="Dev Social">
                    <x xmlns="http://hipchat.com/protocol/muc#room">
                        <id>1175391</id>
                        <topic />
                        <privacy>public</privacy>
                        <owner>263088_1696513@chat.hipchat.com</owner>
                        <guest_url />
                        <num_participants>0</num_participants>
                    </x>
                </item>
                <item jid="263088_os_x@conf.hipchat.com" name="OS X">
                    <x xmlns="http://hipchat.com/protocol/muc#room">
                        <id>1175200</id>
                        <topic />
                        <privacy>public</privacy>
                        <owner>263088_1696513@chat.hipchat.com</owner>
                        <guest_url />
                        <num_participants>0</num_participants>
                    </x>
                </item>
                <item jid="263088_ios@conf.hipchat.com" name="iOS">
                    <x xmlns="http://hipchat.com/protocol/muc#room">
                        <id>1175199</id>
                        <topic>Aye, OS!</topic>
                        <privacy>public</privacy>
                        <owner>263088_1696513@chat.hipchat.com</owner>
                        <guest_url />
                        <num_participants>0</num_participants>
                    </x>
                </item>
                <item jid="263088_android@conf.hipchat.com" name="Android">
                    <x xmlns="http://hipchat.com/protocol/muc#room">
                        <id>1175418</id>
                        <topic />
                        <privacy>public</privacy>
                        <owner>263088_1696513@chat.hipchat.com</owner>
                        <guest_url />
                        <num_participants>0</num_participants>
                    </x>
                </item>
                <item jid="263088_1696513@chat.hipchat.com" />
                <item jid="263088_1716180@chat.hipchat.com" />
            </autoJoin>
            <notifications>
                <mention>email</mention>
                <newsletter>email</newsletter>
                <oto_message>email</oto_message>
                <room_invite>email</room_invite>
                <oto_call>email</oto_call>
            </notifications>
            <notifyForTag>true</notifyForTag>
            <dndWhenInCall>true</dndWhenInCall>
            <enableEmoticons>true</enableEmoticons>
            <chatToFocus>"lobby"</chatToFocus>
            <timeFormat24Hour>false</timeFormat24Hour>
            <showToasters>true</showToasters>
            <notifyForPrivate>true</notifyForPrivate>
            <secondsToIdle>300</secondsToIdle>
            <notifyForRoom>true</notifyForRoom>
            <visualNotifications>true</visualNotifications>
            <notifyForPrivateRoom>true</notifyForPrivateRoom>
            <hidePresenceMessages>false</hidePresenceMessages>
            <showUnreadDivider>true</showUnreadDivider>
            <disableSounds>false</disableSounds>
        </preferences>
        <perms>
            <create_rooms>all</create_rooms>
            <history_edit_perm>all</history_edit_perm>
            <send_invites>all</send_invites>
            <profile_edit>all</profile_edit>
            <file_sharing>all</file_sharing>
            <view_oto_chats>none</view_oto_chats>
            <guest_access>all</guest_access>
            <oto_chat>all</oto_chat>
        </perms>
        <plan type="6" name="HipChat Trial" />
        <features>
            <groupvideo>0</groupvideo>
            <send_invites>1</send_invites>
            <history_edit_perm>1</history_edit_perm>
            <private_rooms>1</private_rooms>
            <view_oto_chats>0</view_oto_chats>
            <create_rooms>1</create_rooms>
            <video>1</video>
            <profile_edit>1</profile_edit>
            <file_sharing>1</file_sharing>
            <guest_access>1</guest_access>
            <oto_chat>1</oto_chat>
        </features>
        <token expiration="1423595079" ttl="53796">7VLTAvLO8nGF4xd</token>
        <addlive_app_id>700</addlive_app_id>
    </query>
</iq>
